{
  "project_info": {
    "project_number": "355780235607",
    "project_id": "promould-ed22a",
    "storage_bucket": "promould-ed22a.firebasestorage.app"
  },
  "client": [
    {
      "client_info": {
        "mobilesdk_app_id": "1:355780235607:android:66cba16247dd8646e36e12",
        "android_client_info": {
          "package_name": "com.promould.app"
        }
      },
      "oauth_client": [],
      "api_key": [
        {
          "current_key": "AIzaSyAc4ZY9naIFZzEuhMWOHlj1XEqbTvk1HWY"
        }
      ],
      "services": {
        "appinvite_service": {
          "other_platform_oauth_client": []
        }
      }
    }
  ],
  "configuration_version": "1"
}